department_code,department_name,registered,abstentions,pct_abstention,voters,pct_voters,blank_votes,pct_blank_registered,pct_blank_voters,null_votes,pct_null_registered,pct_null_voters,valid_votes,pct_valid_registered,pct_valid_voters,votes_F-ARTHAUD-Nathalie,votes_M-ROUSSEL-Fabien,votes_M-MACRON-Emmanuel,votes_M-LASSALLE-Jean,votes_F-LE PEN-Marine,votes_M-ZEMMOUR-Eric,votes_M-MELENCHON-Jean-Luc,votes_F-HIDALGO-Anne,votes_M-JADOT-Yannick,votes_F-PECRESSE-Valerie,votes_M-POUTOU-Philippe,votes_M-DUPONT-AIGNAN-Nicolas,unemployment_rate,median_income,households_count,pct_taxed_households,pct_immigrants,crime_taux_autres_coups_et_blessures_volontaires--(victime),crime_taux_cambriolages_de_logement--(infraction),crime_taux_coups_et_blessures_volontaires--(victime),crime_taux_coups_et_blessures_volontaires_intrafamiliaux--(victime),crime_taux_destructions_et_degradations_volontaires--(infraction),crime_taux_escroqueries--(victime),crime_taux_homicides--(victime),crime_taux_tentatives_d'homicides--(victime),crime_taux_trafic_de_stupefiants--(mis_en_cause),crime_taux_usage_de_stupefiants--(mis_en_cause),crime_taux_usage_de_stupefiants_(afd)--(mis_en_cause),crime_taux_violences_sexuelles--(victime),crime_taux_vols_avec_armes--(infraction),crime_taux_vols_d'accessoires_sur_vehicules--(vehicule),crime_taux_vols_dans_les_vehicules--(vehicule),crime_taux_vols_de_vehicules--(vehicule),crime_taux_vols_sans_violence_contre_des_personnes--(victime_entendue),crime_taux_vols_violents_sans_arme--(infraction),crime_n_autres_coups_et_blessures_volontaires--(victime),crime_n_cambriolages_de_logement--(infraction),crime_n_coups_et_blessures_volontaires--(victime),crime_n_coups_et_blessures_volontaires_intrafamiliaux--(victime),crime_n_destructions_et_degradations_volontaires--(infraction),crime_n_escroqueries--(victime),crime_n_homicides--(victime),crime_n_tentatives_d'homicides--(victime),crime_n_trafic_de_stupefiants--(mis_en_cause),crime_n_usage_de_stupefiants--(mis_en_cause),crime_n_usage_de_stupefiants_(afd)--(mis_en_cause),crime_n_violences_sexuelles--(victime),crime_n_vols_avec_armes--(infraction),crime_n_vols_d'accessoires_sur_vehicules--(vehicule),crime_n_vols_dans_les_vehicules--(vehicule),crime_n_vols_de_vehicules--(vehicule),crime_n_vols_sans_violence_contre_des_personnes--(victime_entendue),crime_n_vols_violents_sans_arme--(infraction),zone
01,Ain,438109,97541,22.26,340568,77.74,5641,1.29,1.66,1903,0.43,0.56,333024,76.01,97.78,1658,5938,92206,10876,86755,27530,57832,5644,15843,17572,2172,8998,5.5,24810.0,270138.0,55.2,12.1,1.2811174,7.2987353,3.1908761,1.9097587,6.328124,5.3374925,0.013407,0.0208554,0.3202793,2.1555545,1.3362352,1.3570906,0.0506488,1.4405122,1.9678559,1.5656446,4.7952521,0.1698225,860.0,2407.0,2142.0,1282.0,4248.0,3583.0,9.0,14.0,215.0,1447.0,897.0,911.0,34.0,967.0,1321.0,1051.0,3219.0,114.0,metro
02,Aisne,373544,101089,27.06,272455,72.94,3767,1.01,1.38,2828,0.76,1.04,265860,71.17,97.58,2038,5968,58721,6468,104342,18266,41172,2983,7074,10920,2118,5790,10.5,20920.0,224492.0,45.2,4.9,1.9084478,6.2709367,4.6826421,2.7741943,8.4900239,4.7454325,0.0114164,0.043763,0.4281164,3.7693271,1.9465026,1.8323382,0.0494712,1.5887875,1.7105629,1.914156,4.9128736,0.2720918,1003.0,1683.0,2461.0,1458.0,4462.0,2494.0,6.0,23.0,225.0,1981.0,1023.0,963.0,26.0,835.0,899.0,1006.0,2582.0,143.0,metro
03,Allier,249991,58497,23.4,191494,76.6,3749,1.5,1.96,1790,0.72,0.93,185955,74.38,97.11,1359,8119,49706,7782,50315,12361,31013,3280,5982,10319,1503,4216,7.7,21500.0,160041.0,45.3,5.4,1.6013624,3.8203705,3.4327712,1.8314088,7.678174,5.6675082,0.0,0.0657276,0.4600929,3.4178331,1.9539011,1.4340558,0.0418266,0.8813468,1.5744738,0.8186069,5.0968735,0.2031579,536.0,801.0,1149.0,613.0,2570.0,1897.0,0.0,22.0,154.0,1144.0,654.0,480.0,14.0,295.0,527.0,274.0,1706.0,68.0,metro
04,Alpes-de-Haute-Provence,128075,29290,22.87,98785,77.13,1478,1.15,1.5,624,0.49,0.63,96683,75.49,97.87,505,2721,20800,4309,26010,7926,21856,1396,3957,3834,865,2504,8.2,21790.0,72855.0,47.3,8.4,1.9679505,3.7779883,4.4682646,2.500314,8.9544739,7.0283947,0.0059816,0.0358897,0.3768416,4.1871288,1.4116606,1.5791457,0.0538345,1.0826719,3.164273,1.3996973,6.190969,0.263191,329.0,497.0,747.0,418.0,1497.0,1175.0,1.0,6.0,63.0,700.0,236.0,264.0,9.0,181.0,529.0,234.0,1035.0,44.0,metro
05,Hautes-Alpes,113519,25357,22.34,88162,77.66,1395,1.23,1.58,532,0.47,0.6,86235,75.97,97.81,428,1925,20507,3871,19696,6164,19718,1459,5013,4511,801,2142,6.9,22010.0,65683.0,49.3,5.8,2.0327929,2.1304426,4.7502417,2.7174488,9.0699267,5.4207811,0.0282332,0.0070583,0.4517318,4.390268,1.8563352,1.7504606,0.0141166,0.6987726,1.7857521,0.8752303,7.0230171,0.1270496,288.0,298.0,673.0,385.0,1285.0,768.0,4.0,1.0,64.0,622.0,263.0,248.0,2.0,99.0,253.0,124.0,995.0,18.0,metro
06,Alpes-Maritimes,778582,208250,26.75,570332,73.25,7550,0.97,1.32,4007,0.51,0.7,558775,71.77,97.97,1627,8858,139707,12767,148919,78208,92345,5414,23374,31260,2989,13307,7.4,23460.0,536880.0,55.2,15.0,2.3919345,4.3832297,5.4271613,3.0352268,9.257307,6.3189778,0.0152524,0.0475516,0.8020966,4.2957924,2.8764224,1.3224724,0.1112528,0.8900222,2.9652452,2.5148509,14.5229724,0.9429569,2666.0,3458.0,6049.0,3383.0,10318.0,7043.0,17.0,53.0,894.0,4788.0,3206.0,1474.0,124.0,992.0,3305.0,2803.0,16187.0,1051.0,metro
07,Ardeche,255859,54114,21.15,201745,78.85,3311,1.29,1.64,1459,0.57,0.72,196975,76.99,97.64,1219,5710,45353,9033,49594,14199,42837,4189,8544,9553,1817,4927,8.1,21990.0,145192.0,47.3,5.5,1.7135363,3.610158,3.4330746,1.7195382,7.1002224,4.4623967,0.0150047,0.0090028,0.1680526,3.4450783,2.0376378,1.3714293,0.0540169,0.9963118,1.5034706,1.3954368,4.4864042,0.2190686,571.0,758.0,1144.0,573.0,2366.0,1487.0,5.0,3.0,56.0,1148.0,679.0,457.0,18.0,332.0,501.0,465.0,1495.0,73.0,metro
08,Ardennes,186197,49368,26.51,136829,73.49,1909,1.03,1.4,984,0.53,0.72,133936,71.93,97.89,1081,3009,31656,4084,48242,8771,22281,1741,3446,5556,1112,2957,9.4,20850.0,118500.0,43.5,5.9,2.4812503,4.7092073,5.5238694,3.0426191,8.6675349,4.6181943,0.0149698,0.0037425,0.3031392,2.9902247,1.2462388,1.6317121,0.0187123,0.7634616,1.6092573,1.4408467,4.8651966,0.3106241,663.0,678.0,1476.0,813.0,2316.0,1234.0,4.0,1.0,81.0,799.0,333.0,436.0,5.0,204.0,430.0,385.0,1300.0,83.0,metro
09,Ariege,119039,25028,21.03,94011,78.97,1532,1.29,1.63,775,0.65,0.82,91704,77.04,97.55,417,2701,18071,7532,21958,5821,23908,3208,3020,2724,723,1621,9.4,20820.0,72066.0,43.3,8.4,2.1694488,3.1072764,4.82815,2.6587013,8.8129832,5.0727763,0.0257501,0.0193126,0.6115657,3.1930166,1.2810691,1.7960718,0.0386252,0.6630659,1.9055099,0.8046917,5.7487173,0.1351882,337.0,346.0,750.0,413.0,1369.0,788.0,4.0,3.0,95.0,496.0,199.0,279.0,6.0,103.0,296.0,125.0,893.0,21.0,metro
10,Aube,205551,52384,25.48,153167,74.52,2339,1.14,1.53,1158,0.56,0.76,149670,72.81,97.72,1005,3094,38321,3787,49316,11374,22483,1720,4619,8923,1062,3966,9.6,21530.0,132991.0,47.7,8.3,2.3145469,5.4814397,5.2559503,2.9414034,7.7022978,5.2013013,0.0160732,0.0225025,0.3793285,2.0316579,0.7104373,1.6941198,0.0675076,1.4273039,1.9223598,1.2569276,6.9661433,0.3986164,720.0,919.0,1635.0,915.0,2396.0,1618.0,5.0,7.0,118.0,632.0,221.0,527.0,21.0,444.0,598.0,391.0,2167.0,124.0,metro
11,Aude,279927,62972,22.5,216955,77.5,2962,1.06,1.37,1567,0.56,0.72,212426,75.89,97.91,1026,5622,43104,12382,64027,18434,42039,6166,6322,7350,1748,4206,10.1,20510.0,171836.0,42.2,9.3,2.1203209,5.7660752,4.3253488,2.2050279,9.5162968,5.0665347,0.0105884,0.0264709,0.4685353,2.4750313,1.2494276,1.6120792,0.0635302,1.606785,3.9150495,1.834435,7.4542119,0.402358,801.0,1551.0,1634.0,833.0,3595.0,1914.0,4.0,10.0,177.0,935.0,472.0,609.0,24.0,607.0,1479.0,693.0,2816.0,152.0,metro
12,Aveyron,219468,43833,19.97,175635,80.03,3079,1.4,1.75,1654,0.75,0.94,170902,77.87,97.31,894,4515,47430,14825,34357,10112,32734,4470,6746,9988,1354,3477,5.7,21860.0,126764.0,45.6,5.7,1.3476993,1.76801,3.0636028,1.7159036,4.911774,4.3791289,0.0071496,0.035748,0.3753539,2.8741385,1.6622816,1.2333057,0.0250236,0.4111019,0.8043298,0.5612435,3.4532559,0.0929448,377.0,327.0,857.0,480.0,1374.0,1225.0,2.0,10.0,105.0,804.0,465.0,345.0,7.0,115.0,225.0,157.0,966.0,26.0,metro
13,Bouches-du-Rhone,1411184,383816,27.2,1027368,72.8,13341,0.95,1.3,5407,0.38,0.53,1008620,71.47,98.18,3578,24295,229038,24256,264753,108617,237971,11760,42109,36229,5963,20051,8.7,22920.0,869140.0,53.2,11.4,2.701696,11.1599111,5.6531732,2.9514772,11.031442,7.0088525,0.0396171,0.0975935,1.5426529,11.1063281,9.5356533,1.3373202,0.2937466,2.5480587,8.8510497,5.1130272,13.0519163,1.7958161,5592.0,11904.0,11701.0,6109.0,22833.0,14507.0,82.0,202.0,3193.0,22988.0,19737.0,2768.0,608.0,5274.0,18320.0,10583.0,27015.0,3717.0,metro
14,Calvados,512148,117799,23.0,394349,77.0,5547,1.08,1.41,2571,0.5,0.65,386231,75.41,97.94,2757,8777,120366,9816,91774,22255,73950,6848,19621,18383,3764,7920,6.4,22840.0,307659.0,52.1,4.1,1.969898,2.7581584,4.410982,2.441084,6.9641856,4.8991988,0.0056769,0.0439963,0.356228,3.6531106,2.0791791,1.8237168,0.0496732,0.8231562,2.5759113,0.9253411,6.314176,0.2696546,1388.0,1186.0,3108.0,1720.0,4907.0,3452.0,4.0,31.0,251.0,2574.0,1465.0,1285.0,35.0,580.0,1815.0,652.0,4449.0,190.0,metro
15,Cantal,115745,25019,21.62,90726,78.38,1803,1.56,1.99,821,0.71,0.9,88102,76.12,97.11,555,2496,25038,6848,21570,4906,12944,1810,2751,6987,650,1547,4.1,21710.0,67592.0,44.8,2.7,1.5304815,1.6661188,3.3171975,1.786716,6.0318977,4.9723336,0.0,0.0207758,0.3185618,2.0706515,0.6856003,1.3712006,0.0207758,0.5193942,0.6856003,0.4224406,3.060963,0.1246546,221.0,171.0,479.0,258.0,871.0,718.0,0.0,3.0,46.0,299.0,99.0,198.0,3.0,75.0,99.0,61.0,442.0,18.0,metro
16,Charente,257608,59909,23.26,197699,76.74,3293,1.28,1.67,1740,0.68,0.88,192666,74.79,97.45,1319,5374,53126,8482,50432,10617,37305,4003,7557,8343,1763,4345,6.9,22000.0,161820.0,47.7,6.1,1.9681288,4.2937391,4.4254457,2.4573169,8.353171,5.7849336,0.0142206,0.0255971,0.6513027,2.5625492,0.463591,1.6609642,0.0455059,0.8731439,1.8429877,1.3509555,5.625663,0.2986323,692.0,862.0,1556.0,864.0,2937.0,2034.0,5.0,9.0,229.0,901.0,163.0,584.0,16.0,307.0,648.0,475.0,1978.0,105.0,metro
17,Charente-Maritime,519202,116437,22.43,402765,77.57,5918,1.14,1.47,2780,0.54,0.69,394067,75.9,97.84,2330,10002,113753,14335,99790,24347,71633,6857,19012,19316,3403,9289,6.9,22810.0,316687.0,50.8,3.8,1.7869971,4.8479522,3.9900623,2.2030651,8.0280172,4.8895474,0.0089799,0.029933,0.4235512,3.2402419,1.3993654,1.5834531,0.055376,1.5131106,2.3961327,2.054897,6.9908405,0.3442289,1194.0,2187.0,2666.0,1472.0,5364.0,3267.0,6.0,20.0,283.0,2165.0,935.0,1058.0,37.0,1011.0,1601.0,1373.0,4671.0,230.0,metro
18,Cher,224570,59808,26.63,164762,73.37,3146,1.4,1.91,1083,0.48,0.66,160533,71.48,97.43,1304,5749,43497,5495,44772,10822,27901,2585,5028,8147,1463,3770,7.5,22100.0,139636.0,49.2,5.8,1.632743,5.3884021,3.6461255,2.0133825,6.9717125,4.6845367,0.0100168,0.0400673,0.2737933,2.6878489,1.575981,1.3055266,0.0333894,1.4991853,1.4758127,1.2387478,4.5609958,0.3105217,489.0,966.0,1092.0,603.0,2088.0,1403.0,3.0,12.0,82.0,805.0,472.0,391.0,10.0,449.0,442.0,371.0,1366.0,93.0,metro
19,Correze,185032,38430,20.77,146602,79.23,2517,1.36,1.72,1485,0.8,1.01,142600,77.07,97.27,885,6292,33125,10177,31658,8012,27731,3605,5040,12278,1179,2618,6.1,22140.0,111468.0,48.7,6.4,1.6366817,2.6094305,4.0646343,2.4279527,5.5722139,5.0849575,0.0083292,0.0208229,0.3456605,2.5112444,0.8787273,1.5950358,0.0249875,0.5747126,0.9287023,0.6288522,4.0812927,0.149925,393.0,408.0,976.0,583.0,1338.0,1221.0,2.0,5.0,83.0,603.0,211.0,383.0,6.0,138.0,223.0,151.0,980.0,36.0,metro
2A,Corse-du-Sud,113918,42366,37.19,71552,62.81,1130,0.99,1.58,1561,1.37,2.18,68861,60.45,96.24,197,1850,12932,6729,20139,9199,9330,624,2266,3772,608,1215,5.8,23420.0,61036.0,54.0,9.2,2.0958174,1.4165258,3.998916,1.9030986,9.9611551,4.4265109,0.0301123,0.0361348,1.0719986,2.5475022,0.909392,0.9575717,0.0361348,0.9274594,0.9334819,1.8127616,5.3599928,0.1806739,348.0,177.0,664.0,316.0,1654.0,735.0,5.0,6.0,178.0,423.0,151.0,159.0,6.0,154.0,155.0,301.0,890.0,30.0,metro
2B,Haute-Corse,129114,48263,37.38,80851,62.62,1463,1.13,1.81,877,0.68,1.08,78511,60.81,97.11,257,2687,13773,8601,21998,9657,10368,959,2520,5555,762,1374,6.4,21460.0,67789.0,46.9,10.3,1.4846327,1.2141427,3.5955105,2.1108778,9.5016493,4.6428514,0.0377907,0.0593853,0.3995012,1.8139512,0.5776571,1.1499155,0.0431893,0.755813,0.8907796,1.1931048,4.3891141,0.1403653,275.0,166.0,666.0,391.0,1760.0,860.0,7.0,11.0,74.0,336.0,107.0,213.0,8.0,140.0,165.0,221.0,813.0,26.0,metro
21,Cote-d'Or,366859,77886,21.23,288973,78.77,4577,1.25,1.58,1651,0.45,0.57,282745,77.07,97.84,1775,5721,80734,8183,69110,21651,53875,5126,13462,14344,2286,6478,5.6,23720.0,232935.0,55.8,7.6,1.9253056,4.1805511,3.7985256,1.87322,7.5933308,4.8272155,0.0055806,0.0427846,0.6845531,2.4945264,0.9970665,1.5886096,0.0799885,1.863919,2.8256417,1.1793659,6.2707296,0.3925019,1035.0,1243.0,2042.0,1007.0,4082.0,2595.0,3.0,23.0,368.0,1341.0,536.0,854.0,43.0,1002.0,1519.0,634.0,3371.0,211.0,metro
22,Cotes-d'Armor,471752,96597,20.48,375155,79.52,5722,1.21,1.53,3040,0.64,0.81,366393,77.67,97.66,2603,11628,113656,11949,79850,17319,74226,8279,19349,17235,3895,6404,6.3,22670.0,281440.0,49.3,3.8,1.5009892,3.3544259,3.7188442,2.217855,7.358948,4.6719313,0.0131234,0.0213255,0.3280851,1.9045338,1.0252658,1.5764487,0.0426511,0.9301212,1.3123403,0.6840574,4.9721292,0.2559064,915.0,1263.0,2267.0,1352.0,4486.0,2848.0,8.0,13.0,200.0,1161.0,625.0,961.0,26.0,567.0,800.0,417.0,3031.0,156.0,metro
23,Creuse,90946,21967,24.15,68979,75.85,1388,1.53,2.01,743,0.82,1.08,66848,73.5,96.91,490,2430,15542,4275,16772,3501,13679,1641,1906,4391,665,1556,7.0,20620.0,56411.0,42.2,5.5,1.7225112,3.0331742,4.4923785,2.7698673,6.3014481,4.7607094,0.0,0.051935,0.2856426,1.2983753,0.4587593,1.4974595,0.0086558,0.6924668,0.5020384,0.6059085,3.8172234,0.0952142,199.0,270.0,519.0,320.0,728.0,550.0,0.0,6.0,33.0,150.0,53.0,173.0,1.0,80.0,58.0,70.0,441.0,11.0,metro
24,Dordogne,318168,64856,20.38,253312,79.62,3636,1.14,1.44,3120,0.98,1.23,246556,77.49,97.33,1294,8855,58532,15850,63327,15800,50054,5362,8563,11280,2223,5416,7.2,21410.0,191611.0,45.1,6.8,1.2754459,4.626408,3.6101603,2.3347145,6.163454,5.1714406,0.0168138,0.0288236,0.4251486,1.9552033,1.0952981,1.5180448,0.0312256,0.550051,1.2922597,0.9367681,4.825557,0.156128,531.0,1222.0,1503.0,972.0,2566.0,2153.0,7.0,12.0,177.0,814.0,456.0,632.0,13.0,229.0,538.0,390.0,2009.0,65.0,metro
25,Doubs,368379,84117,22.83,284262,77.17,4989,1.35,1.76,2176,0.59,0.77,277097,75.22,97.48,2069,5001,76338,8688,66703,19486,55587,4902,13096,15107,2345,7775,6.6,23890.0,234231.0,55.1,8.7,2.3493517,3.053605,4.857271,2.5079193,6.8147603,5.2764726,0.0218714,0.0601463,0.8712103,2.8779103,1.5966114,1.3432678,0.0801951,0.8894365,2.3694005,1.0206648,5.3493772,0.3353613,1289.0,880.0,2665.0,1376.0,3739.0,2895.0,12.0,33.0,478.0,1579.0,876.0,737.0,44.0,488.0,1300.0,560.0,2935.0,184.0,metro
26,Drome,382188,84289,22.05,297899,77.95,4577,1.2,1.54,1898,0.5,0.64,291424,76.25,97.83,2041,6752,72228,9945,70574,22010,65258,5311,14234,13204,2109,7758,7.9,22450.0,228957.0,49.5,7.9,2.186287,6.5257558,4.6736679,2.4873809,8.2120008,5.2240752,0.0134246,0.0517805,0.5734209,2.9783366,1.0260207,1.5457433,0.0958898,1.4977984,3.6572362,2.2917658,7.4525537,0.4813667,1140.0,1843.0,2437.0,1297.0,4282.0,2724.0,7.0,27.0,299.0,1553.0,535.0,806.0,50.0,781.0,1907.0,1195.0,3886.0,251.0,metro
27,Eure,432198,106463,24.63,325735,75.37,5085,1.18,1.56,1789,0.41,0.55,318861,73.78,97.89,2197,7056,83058,7768,102952,20930,55571,4027,11477,13552,2710,7563,7.1,22880.0,251484.0,53.3,5.4,1.5616035,4.6191317,4.0861127,2.5245092,6.8634054,4.8328219,0.0133044,0.0266088,0.4157624,4.1127215,2.4347045,1.7012997,0.0399132,1.1475042,1.9973225,1.6580604,4.1992001,0.3592187,939.0,1390.0,2457.0,1518.0,4127.0,2906.0,8.0,16.0,250.0,2473.0,1464.0,1023.0,24.0,690.0,1201.0,997.0,2525.0,216.0,metro
28,Eure-et-Loir,303888,78960,25.98,224928,74.02,3489,1.15,1.55,1418,0.47,0.63,220021,72.4,97.82,1419,4267,59869,5694,61960,14803,40529,3076,7904,13003,1766,5731,6.7,23360.0,182871.0,55.3,7.9,1.6491512,3.7328735,4.1344266,2.4852754,7.3772953,4.5709666,0.0138584,0.0415752,0.4873542,2.4206028,0.9100358,1.7022751,0.0369558,1.3789121,1.4181776,1.1710359,4.3215152,0.2748585,714.0,820.0,1790.0,1076.0,3194.0,1979.0,6.0,18.0,211.0,1048.0,394.0,737.0,16.0,597.0,614.0,507.0,1871.0,119.0,metro
29,Finistere,709701,154870,21.82,554831,78.18,8692,1.22,1.57,3220,0.45,0.58,542919,76.5,97.85,3627,15340,174894,18320,100890,25607,116591,13077,33200,26541,6266,8566,6.2,23220.0,421606.0,51.4,3.4,1.5335506,3.6422171,3.2384536,1.7049031,7.6365,4.8398986,0.017243,0.0204761,0.3394718,2.5541215,0.709119,1.3471105,0.0528067,1.0960091,1.8223711,1.2080887,5.3410237,0.3901232,1423.0,2026.0,3005.0,1582.0,7086.0,4491.0,16.0,19.0,315.0,2370.0,658.0,1250.0,49.0,1017.0,1691.0,1121.0,4956.0,362.0,metro
30,Gard,555038,132723,23.91,422315,76.09,5840,1.05,1.38,2496,0.45,0.59,413979,74.59,98.03,1768,12123,88278,15162,121480,38479,88827,6585,14974,15460,2706,8137,9.9,21330.0,337231.0,46.0,9.0,2.1832175,5.7993283,4.6190495,2.435832,7.9043468,5.3520242,0.01178,0.0458109,0.5549666,2.8376592,1.3285166,1.4620227,0.0955485,1.9947383,3.0680227,1.9148964,7.8650803,0.5405688,1668.0,2558.0,3529.0,1861.0,6039.0,4089.0,9.0,35.0,424.0,2168.0,1015.0,1117.0,73.0,1524.0,2344.0,1463.0,6009.0,413.0,metro
31,Haute-Garonne,930321,183366,19.71,746955,80.29,10129,1.09,1.36,5847,0.63,0.78,730979,78.57,97.86,3006,16307,196712,35479,133254,50613,188867,19658,42599,27153,4888,12443,7.4,24230.0,620391.0,56.6,10.6,2.2248759,8.1405458,4.6440851,2.4192092,7.7389973,7.1120493,0.0075536,0.0769093,1.045829,3.3798886,2.2159489,1.3891741,0.108497,1.4743236,6.6471601,1.8018748,12.3151001,0.9840269,3240.0,6265.0,6763.0,3523.0,11270.0,10357.0,11.0,112.0,1523.0,4922.0,3227.0,2023.0,158.0,2147.0,9680.0,2624.0,17934.0,1433.0,metro
32,Gers,147278,28267,19.19,119011,80.81,1762,1.2,1.48,850,0.58,0.71,116399,79.03,97.81,529,3128,28970,11720,26015,8396,21353,3861,4090,5126,793,2418,5.7,22110.0,86472.0,46.3,7.6,1.2665521,4.0334645,3.1819527,1.9154005,5.029873,5.3776557,0.0051908,0.0051908,0.415263,2.0451702,0.6903747,1.4689928,0.0103816,0.6177037,1.2717429,0.8149536,3.8515642,0.072671,244.0,455.0,613.0,369.0,969.0,1036.0,1.0,1.0,80.0,394.0,133.0,283.0,2.0,119.0,245.0,157.0,742.0,14.0,metro
33,Gironde,1158548,249014,21.49,909534,78.51,12367,1.07,1.36,5147,0.44,0.57,892020,76.99,98.07,3679,21522,256179,37725,191542,58321,194775,19598,46677,37575,8734,15693,6.5,23950.0,734949.0,55.7,7.9,2.1337568,8.4251841,4.6531899,2.5194331,8.6592079,6.2860452,0.0101494,0.0555231,0.4811998,2.2412208,1.0955355,1.7301699,0.1104491,1.380315,5.2084204,2.111667,10.991773,0.866279,3574.0,7696.0,7794.0,4220.0,14504.0,10529.0,17.0,93.0,806.0,3754.0,1835.0,2898.0,185.0,2312.0,8724.0,3537.0,18411.0,1451.0,metro
34,Herault,847365,195766,23.1,651599,76.9,8867,1.05,1.36,4004,0.47,0.61,638728,75.38,98.02,2580,14165,142306,22068,165734,57751,154819,12150,28057,23230,4393,11475,10.1,21800.0,536698.0,48.1,10.6,2.5892711,5.5633051,5.1941502,2.604879,9.3943225,6.1330895,0.0180723,0.0509311,0.6604613,4.863098,3.3170929,1.5057532,0.1215775,1.6486888,4.4277193,2.1842868,12.7927408,0.855971,3152.0,4233.0,6323.0,3171.0,11436.0,7466.0,22.0,62.0,804.0,5920.0,4038.0,1833.0,148.0,2007.0,5390.0,2659.0,15573.0,1042.0,metro
35,Ille-et-Vilaine,771636,161427,20.92,610209,79.08,9511,1.23,1.56,3866,0.5,0.63,596832,77.35,97.81,3783,12696,205882,13985,101797,27463,132510,13973,42613,26194,5376,10560,5.4,23690.0,470915.0,53.6,5.2,1.6515932,4.5956979,3.8657377,2.2141446,6.9787024,5.3108818,0.0180305,0.0342579,0.639181,3.1490256,1.682245,1.4974325,0.0730235,1.4965309,2.4737837,1.3964617,8.3363985,0.4994447,1832.0,2644.0,4288.0,2456.0,7741.0,5891.0,20.0,38.0,709.0,3493.0,1866.0,1661.0,81.0,1660.0,2744.0,1549.0,9247.0,554.0,metro
36,Indre,166100,41406,24.93,124694,75.07,2451,1.48,1.97,1246,0.75,1.0,120997,72.85,97.04,1085,3702,31498,4984,34516,7438,20954,2464,3726,6589,1155,2886,7.1,21270.0,102369.0,45.1,4.8,1.7849813,3.9336991,4.1142204,2.3292391,6.9738802,4.8152983,0.0092247,0.0230618,0.2444548,2.6105927,1.2960717,1.6189365,0.0184494,1.7157959,1.808043,1.3099087,4.6538658,0.2582919,387.0,547.0,892.0,505.0,1512.0,1044.0,2.0,5.0,53.0,566.0,281.0,351.0,4.0,372.0,392.0,284.0,1009.0,56.0,metro
37,Indre-et-Loire,440502,105536,23.96,334966,76.04,5437,1.23,1.62,2039,0.46,0.61,327490,74.34,97.77,2243,7835,101503,8520,70553,19931,68012,6216,16245,16279,2882,7271,6.5,23140.0,268673.0,52.7,6.5,1.8415579,4.9645972,3.9978842,2.1563264,7.0887809,6.280767,0.0097351,0.0259603,0.4380798,1.8869884,0.9329478,1.851293,0.1005961,1.4829814,4.9227195,1.3158621,7.862722,0.7869212,1135.0,1654.0,2464.0,1329.0,4369.0,3871.0,6.0,16.0,270.0,1163.0,575.0,1141.0,62.0,914.0,3034.0,811.0,4846.0,485.0,metro
38,Isere,885440,198676,22.44,686764,77.56,10990,1.24,1.6,3478,0.39,0.51,672296,75.93,97.89,3479,14694,180533,17025,154799,47450,153474,12736,40378,28575,4826,14327,5.9,24270.0,535172.0,57.0,10.1,1.9854729,8.1334342,4.2621072,2.2766343,8.4676857,5.8061918,0.0100668,0.0332977,0.4289984,3.6588766,2.3401323,1.4132169,0.1084112,1.7856866,5.1503043,2.1380229,8.7294212,0.5490251,2564.0,5474.0,5504.0,2940.0,10935.0,7498.0,13.0,43.0,554.0,4725.0,3022.0,1825.0,140.0,2306.0,6651.0,2761.0,11273.0,709.0,metro
39,Jura,190597,41634,21.84,148963,78.16,2625,1.38,1.76,1111,0.58,0.75,145227,76.2,97.49,1053,3166,36139,6218,38179,9657,28882,2635,6388,7424,1343,4143,5.1,23140.0,117083.0,51.9,6.2,1.5479577,3.035591,3.7150984,2.1671407,6.9000213,4.8760666,0.0077398,0.0077398,0.3792496,2.2600182,0.986823,1.9349471,0.0154796,1.0797005,1.9426869,1.09518,4.6283934,0.1896248,400.0,461.0,960.0,560.0,1783.0,1260.0,2.0,2.0,98.0,584.0,255.0,500.0,4.0,279.0,502.0,283.0,1196.0,49.0,metro
40,Landes,329337,65654,19.94,263683,80.06,4033,1.22,1.53,1600,0.49,0.61,258050,78.35,97.86,1115,8176,69459,24308,58646,16817,44548,9071,8628,10393,1975,4914,6.9,22840.0,193430.0,50.9,5.3,1.8742983,4.6077955,4.0917122,2.2174139,6.7829525,5.5972196,0.0116706,0.018673,0.5858641,1.9373195,0.8612903,1.6852346,0.018673,0.7679255,2.0656961,1.0293469,7.648911,0.2054026,803.0,1245.0,1753.0,950.0,2906.0,2398.0,5.0,8.0,251.0,830.0,369.0,722.0,8.0,329.0,885.0,441.0,3277.0,88.0,metro
41,Loir-et-Cher,244718,59350,24.25,185368,75.75,3181,1.3,1.72,1377,0.56,0.74,180810,73.89,97.54,1246,4507,50480,5483,50212,12703,30377,3165,7097,9586,1527,4427,6.0,22510.0,149321.0,51.2,6.5,1.459175,4.8388563,3.6904968,2.2313218,6.9918803,4.5660018,0.0151997,0.0395193,0.2553556,1.9090873,0.7447872,1.7631698,0.0486392,1.4682949,2.1948424,2.453238,4.4200843,0.2036765,480.0,902.0,1214.0,734.0,2300.0,1502.0,5.0,13.0,84.0,628.0,245.0,580.0,16.0,483.0,722.0,807.0,1454.0,67.0,metro
42,Loire,513794,118592,23.08,395202,76.92,6664,1.3,1.69,2600,0.51,0.66,385938,75.12,97.66,2390,9017,104003,11928,97764,28706,78169,6970,16656,18539,2767,9029,7.2,21970.0,334427.0,47.3,9.0,2.0322755,6.0870388,4.2329358,2.2006603,9.4269605,5.5204322,0.0090669,0.0556965,0.3354744,3.6565416,2.1449638,1.1994182,0.0816019,1.6942105,2.8793808,1.6838484,7.6783487,0.8043614,1569.0,2468.0,3268.0,1699.0,7278.0,4262.0,7.0,43.0,259.0,2823.0,1656.0,926.0,63.0,1308.0,2223.0,1300.0,5928.0,621.0,metro
43,Haute-Loire,180706,37000,20.48,143706,79.52,2837,1.57,1.97,1214,0.67,0.84,139655,77.28,97.18,1020,3493,32417,7817,38629,9529,24332,2491,5796,9560,1205,3366,5.6,22100.0,103670.0,45.5,3.6,1.3630726,3.4220067,3.0548604,1.6917878,6.4428189,5.5487134,0.0,0.0175315,0.2980352,4.3653385,1.5383874,1.2009064,0.0306801,1.012443,1.3630726,0.8064481,3.304684,0.1577833,311.0,497.0,697.0,386.0,1470.0,1266.0,0.0,4.0,68.0,996.0,351.0,274.0,7.0,231.0,311.0,184.0,754.0,36.0,metro
44,Loire-Atlantique,1056693,236339,22.37,820354,77.63,13373,1.27,1.63,4559,0.43,0.56,802422,75.94,97.81,4712,18322,256609,18298,135702,42761,187977,18369,60072,37541,7280,14779,5.7,24120.0,630748.0,56.1,5.6,2.0126857,8.6015088,4.0036493,1.9909636,7.3861831,5.4963629,0.0156127,0.0468382,0.5091111,2.3140794,1.2327276,1.5558434,0.1384782,2.8829262,7.1295912,3.0281925,10.2949043,0.7514479,2965.0,6771.0,5898.0,2933.0,10881.0,8097.0,23.0,69.0,750.0,3409.0,1816.0,2292.0,204.0,4247.0,10503.0,4461.0,15166.0,1107.0,metro
45,Loiret,457550,114468,25.02,343082,74.98,5512,1.2,1.61,2148,0.47,0.63,335422,73.31,97.77,1959,7530,97004,8483,85832,22878,63486,5656,14401,18086,2433,7674,7.1,23090.0,293563.0,55.3,10.6,1.7552975,4.8423908,4.2237757,2.4684781,6.1682844,6.1857501,0.0130992,0.0538524,0.3333028,2.5077759,1.2851805,1.7727632,0.0785954,1.286636,2.0667683,1.215318,5.5366102,0.4148091,1206.0,1712.0,2902.0,1696.0,4238.0,4250.0,9.0,37.0,229.0,1723.0,883.0,1218.0,54.0,884.0,1420.0,835.0,3804.0,285.0,metro
46,Lot,139278,27164,19.5,112114,80.5,1767,1.27,1.58,957,0.69,0.85,109390,78.54,97.57,618,3559,27311,8032,21422,6123,25932,2766,4603,5648,976,2400,7.3,21910.0,80385.0,46.8,7.2,1.4064457,2.5662927,3.2228676,1.8164218,5.933265,5.8649357,0.0113882,0.0113882,0.4612231,2.0612686,0.6263524,1.8050336,0.0227764,0.7060699,1.1786812,0.8085639,4.5382075,0.1708234,247.0,310.0,566.0,319.0,1042.0,1030.0,2.0,2.0,81.0,362.0,110.0,317.0,4.0,124.0,207.0,142.0,797.0,30.0,metro
47,Lot-et-Garonne,241304,52907,21.93,188397,78.07,2793,1.16,1.48,1502,0.62,0.8,184102,76.29,97.72,889,4970,42568,13600,50290,15646,34044,3357,5686,7703,1437,3912,7.4,21050.0,145205.0,43.7,9.6,2.0919495,5.423157,4.8581387,2.7661893,7.3323581,5.2554586,0.01505,0.01806,0.3581899,1.7036596,0.8036698,1.4508196,0.01505,0.9993197,2.3628494,1.0143697,6.4745083,0.3130399,695.0,1026.0,1614.0,919.0,2436.0,1746.0,5.0,6.0,119.0,566.0,267.0,482.0,5.0,332.0,785.0,337.0,2151.0,104.0,metro
48,Lozere,59812,11680,19.53,48132,80.47,741,1.24,1.54,395,0.66,0.82,46996,78.57,97.64,235,1343,10739,4722,10497,3148,9153,1045,1736,3039,426,913,4.7,21580.0,34028.0,45.8,5.4,1.333281,1.3385722,2.9541325,1.6208515,5.5161236,3.790701,0.0,0.0,0.1568566,2.0652785,0.5228553,1.673137,0.0130714,1.2548528,1.0064965,0.5489981,3.5554161,0.1437852,102.0,83.0,226.0,124.0,422.0,290.0,0.0,0.0,12.0,158.0,40.0,128.0,1.0,96.0,77.0,42.0,272.0,11.0,metro
49,Maine-et-Loire,589263,136866,23.23,452397,76.77,8072,1.37,1.78,2983,0.51,0.66,441342,74.9,97.56,3071,8362,157063,11036,89433,21704,80616,8801,26635,21538,3663,9420,6.5,22500.0,346898.0,48.7,4.5,1.3427503,3.9459952,3.2204272,1.8776769,6.4094591,4.8747149,0.0096601,0.0567529,0.3356876,1.3886356,0.4431559,1.6156474,0.0386403,1.7690011,2.3063427,1.6530802,5.5231473,0.2801421,1112.0,1604.0,2667.0,1555.0,5308.0,4037.0,8.0,47.0,278.0,1150.0,367.0,1338.0,32.0,1465.0,1910.0,1369.0,4574.0,232.0,metro
50,Manche,384613,93460,24.3,291153,75.7,4747,1.23,1.63,1948,0.51,0.67,284458,73.96,97.7,2249,7368,92642,9421,69770,13990,46940,5853,11873,14746,2720,6886,5.1,22480.0,229811.0,49.1,2.8,1.3425521,2.0896627,3.2527198,1.9101678,6.094824,4.2671819,0.0080513,0.0402564,0.1529744,1.7330395,0.9359621,1.6082445,0.0201282,0.5595644,1.2278212,0.8172056,4.4040538,0.1771283,667.0,632.0,1616.0,949.0,3028.0,2120.0,4.0,20.0,76.0,861.0,465.0,799.0,10.0,278.0,610.0,406.0,2188.0,88.0,metro
51,Marne,380644,101010,26.54,279634,73.46,3826,1.01,1.37,1702,0.45,0.61,274106,72.01,98.02,1778,5307,78472,6921,83756,19501,42858,3542,9561,14357,1894,6159,7.1,22830.0,244352.0,53.1,6.8,2.1963918,4.9348867,5.2897766,3.0933848,8.6774318,5.4298209,0.0159544,0.037227,0.3793607,2.9320679,1.2302631,1.6929412,0.0833175,1.8258947,3.5737901,2.0244386,7.0447628,0.6488131,1239.0,1485.0,2984.0,1745.0,4895.0,3063.0,9.0,21.0,214.0,1654.0,694.0,955.0,47.0,1030.0,2016.0,1142.0,3974.0,366.0,metro
52,Haute-Marne,129389,33273,25.72,96116,74.28,1489,1.15,1.55,819,0.63,0.85,93808,72.5,97.6,696,1833,21886,3327,34331,6450,13228,1305,2580,4841,747,2584,6.4,21350.0,78150.0,46.0,4.4,2.0840079,4.726184,4.9804256,2.8964177,8.5244164,4.4034969,0.005887,0.0353222,0.2590292,2.9729491,1.1244223,1.7661084,0.0117741,2.2194095,2.0604598,1.259824,4.7567186,0.1295146,354.0,476.0,846.0,492.0,1448.0,748.0,1.0,6.0,44.0,505.0,191.0,300.0,2.0,377.0,350.0,214.0,808.0,22.0,metro
53,Mayenne,224722,52812,23.5,171910,76.5,3483,1.55,2.03,1519,0.68,0.88,166908,74.27,97.09,1273,3313,60755,4673,37376,8042,25608,3468,7934,9236,1372,3858,5.0,22230.0,131890.0,47.3,4.0,1.316147,3.5062688,3.5555614,2.2394143,6.0994575,4.6196106,0.003274,0.013096,0.2750158,3.7356312,1.2604891,1.7090267,0.022918,1.0542272,2.0789885,0.7464714,4.4788287,0.2881118,402.0,560.0,1086.0,684.0,1863.0,1411.0,1.0,4.0,84.0,1141.0,385.0,522.0,7.0,322.0,635.0,228.0,1368.0,88.0,metro
54,Meurthe-et-Moselle,492057,130919,26.61,361138,73.39,5092,1.03,1.41,2246,0.46,0.62,353800,71.9,97.97,2373,7961,95252,8739,97243,23518,73892,6362,14588,13387,3214,7271,7.0,23010.0,312506.0,49.4,9.4,2.1872075,3.3875943,5.111216,2.9240085,8.1689403,5.468701,0.0109156,0.0409334,0.623552,2.8175817,1.1720594,1.7314824,0.0627645,1.1474994,2.1285363,1.0929215,6.7198983,0.3588494,1603.0,1303.0,3746.0,2143.0,5987.0,4008.0,8.0,30.0,457.0,2065.0,859.0,1269.0,46.0,841.0,1560.0,801.0,4925.0,263.0,metro
55,Meuse,134805,34092,25.29,100713,74.71,1509,1.12,1.5,691,0.51,0.69,98513,73.08,97.82,702,1957,24539,3500,34588,7347,13559,1483,3130,4403,883,2422,7.2,21890.0,80164.0,47.0,4.9,2.1356054,4.5114302,4.4205925,2.2849871,7.3086392,4.5865722,0.0055327,0.0663919,1.0401394,3.7456085,1.0235415,1.803646,0.0387286,1.3167722,1.7981134,1.5989377,4.6197682,0.193643,386.0,452.0,799.0,413.0,1321.0,829.0,1.0,12.0,188.0,677.0,185.0,326.0,7.0,238.0,325.0,289.0,835.0,35.0,metro
56,Morbihan,608972,130520,21.43,478452,78.57,7959,1.31,1.66,3119,0.51,0.65,467374,76.75,97.68,2952,11529,152740,14399,102856,26595,84200,8267,27036,22838,4376,9586,5.8,23140.0,354219.0,51.5,3.5,1.7678066,4.5943167,3.8577354,2.0899288,6.2684979,5.0044904,0.0103079,0.0219043,0.4973567,1.8502699,0.7589199,1.5938606,0.0270583,1.3426053,2.0461202,0.9354428,5.3214586,0.2126006,1372.0,2213.0,2994.0,1622.0,4865.0,3884.0,8.0,17.0,386.0,1436.0,589.0,1237.0,21.0,1042.0,1588.0,726.0,4130.0,165.0,metro
57,Moselle,745914,210299,28.19,535615,71.81,7943,1.06,1.48,3353,0.45,0.63,524319,70.29,97.89,3499,8750,136366,14163,159254,39369,100159,7534,18931,19300,4343,12651,7.2,22980.0,442758.0,46.2,11.4,1.7273853,3.6892657,4.2694493,2.542064,6.8562444,4.1828421,0.0161794,0.0295036,0.4092428,1.9795931,0.9022376,1.1791903,0.0485381,0.9926517,2.0090966,0.9450653,5.2468733,0.2883734,1815.0,1961.0,4486.0,2671.0,7204.0,4395.0,17.0,31.0,430.0,2080.0,948.0,1239.0,51.0,1043.0,2111.0,993.0,5513.0,303.0,metro
58,Nievre,154186,38850,25.2,115336,74.8,1957,1.27,1.7,938,0.61,0.81,112441,72.93,97.49,833,4281,28686,4106,32838,7378,19930,2160,3552,5172,1010,2495,6.7,21380.0,96531.0,46.5,5.6,1.5224989,4.3923757,3.4157361,1.8932372,7.2714151,5.215053,0.0049432,0.0148295,0.3559088,2.2936347,1.0232379,1.497783,0.0197727,1.3247717,1.4780103,1.7449419,4.6367011,0.2273862,308.0,621.0,691.0,383.0,1471.0,1055.0,1.0,3.0,72.0,464.0,207.0,303.0,4.0,268.0,299.0,353.0,938.0,46.0,metro
59,Nord,1813906,514033,28.34,1299873,71.66,17416,0.96,1.34,7676,0.42,0.59,1274781,70.28,98.07,7673,45902,336138,22459,373127,73168,279785,18215,46962,42470,8265,20617,9.3,21340.0,1072648.0,47.7,7.2,2.5319948,6.8820767,6.1836311,3.6516363,9.2257698,5.026923,0.0126103,0.0324811,0.6813382,4.2936151,2.3206768,1.7795804,0.1176961,2.3248802,5.4575837,2.3539221,8.6881126,0.9729035,6626.0,8614.0,16182.0,9556.0,24143.0,13155.0,33.0,85.0,1783.0,11236.0,6073.0,4657.0,308.0,6084.0,14282.0,6160.0,22736.0,2546.0,metro
60,Oise,564121,142081,25.19,422040,74.81,6324,1.12,1.5,4002,0.71,0.95,411714,72.98,97.55,2859,9054,100043,9179,132873,30333,79446,4251,13785,17450,3048,9393,7.4,23330.0,332584.0,56.0,8.9,1.7695387,4.4279566,4.5911704,2.8216317,6.9505552,4.9065575,0.0024075,0.0650035,0.5525294,4.919799,3.1201661,1.5636944,0.0710223,2.03196,2.1992838,2.7169039,5.1449035,0.3515002,1470.0,1692.0,3814.0,2344.0,5774.0,4076.0,2.0,54.0,459.0,4087.0,2592.0,1299.0,59.0,1688.0,1827.0,2257.0,4274.0,292.0,metro
61,Orne,205538,50935,24.78,154603,75.22,2586,1.26,1.67,1067,0.52,0.69,150950,73.44,97.64,1203,3261,46005,4895,41804,8910,22993,2368,5513,8838,1334,3826,6.6,21400.0,124987.0,45.2,4.6,1.658555,4.1546839,3.9544585,2.2959036,7.532302,4.9358306,0.0181065,0.0217278,0.4309346,3.027406,1.332638,1.8178921,0.0108639,0.9415377,1.1805435,0.9777507,4.2369199,0.1339881,458.0,686.0,1092.0,634.0,2080.0,1363.0,5.0,6.0,119.0,836.0,368.0,502.0,3.0,260.0,326.0,270.0,1170.0,37.0,metro
62,Pas-de-Calais,1093723,286319,26.18,807404,73.82,10601,0.97,1.31,6150,0.56,0.76,790653,72.29,97.93,5887,26146,194610,17010,305816,40764,124741,11619,19295,25307,5488,13970,8.3,20720.0,612380.0,44.1,2.5,2.3291585,4.4687044,6.3170121,3.9878536,8.7201339,4.2467251,0.0102727,0.0253393,0.3794042,3.4036806,1.6806101,1.8620941,0.0451998,1.3498299,2.0511114,1.185467,4.9822488,0.3746103,3401.0,3253.0,9224.0,5823.0,12733.0,6201.0,15.0,37.0,554.0,4970.0,2454.0,2719.0,66.0,1971.0,2995.0,1731.0,7275.0,547.0,metro
63,Puy-de-Dome,468103,100869,21.55,367234,78.45,6938,1.48,1.89,2709,0.58,0.74,357587,76.39,97.37,2556,12713,100134,16136,78182,20624,74534,8216,17029,17352,3189,6922,6.3,23060.0,297502.0,52.3,7.5,1.8031714,6.7374888,3.5747345,1.7715632,8.103735,5.1295559,0.0075258,0.0526803,0.5418545,2.0259338,0.9241629,1.2522859,0.0752576,1.1469254,2.4549019,1.3395847,6.1274713,0.3792981,1198.0,2681.0,2375.0,1177.0,5384.0,3408.0,5.0,35.0,360.0,1346.0,614.0,832.0,50.0,762.0,1631.0,890.0,4071.0,252.0,metro
64,Pyrenees-Atlantiques,519929,110134,21.18,409795,78.82,5816,1.12,1.42,2489,0.48,0.61,401490,77.22,97.97,1677,10170,111610,48246,69768,25877,76030,9276,19967,17166,4982,6721,5.7,23300.0,318666.0,52.1,7.7,1.7012808,3.7343834,3.6398832,1.9386023,6.7264927,5.1581691,0.0057186,0.0343115,0.4489094,1.7727632,0.6404822,1.2323564,0.0200151,0.7720098,2.5147504,1.432507,6.8594499,0.3416858,1190.0,1575.0,2546.0,1356.0,4705.0,3608.0,4.0,24.0,314.0,1240.0,448.0,862.0,14.0,540.0,1759.0,1002.0,4798.0,239.0,metro
65,Hautes-Pyrenees,177443,39595,22.31,137848,77.69,2064,1.16,1.5,896,0.5,0.65,134888,76.02,97.85,636,4539,33692,14761,29938,8714,26449,3315,4872,4560,1003,2409,8.0,21530.0,104732.0,46.0,7.0,1.780059,2.9102592,3.7847857,2.0047267,6.7227472,5.3617797,0.0259232,0.0561669,0.4838995,2.6484859,1.0498892,1.5640324,0.0388848,0.9029911,1.844867,0.8165805,7.0424665,0.2073855,412.0,482.0,876.0,464.0,1556.0,1241.0,6.0,13.0,112.0,613.0,243.0,362.0,9.0,209.0,427.0,189.0,1630.0,48.0,metro
66,Pyrenees-Orientales,362076,87704,24.22,274372,75.78,3528,0.97,1.29,2276,0.63,0.83,268568,74.17,97.88,1312,6509,55169,11690,87930,24782,51556,5013,8588,8815,1995,5209,11.7,20650.0,228970.0,43.8,10.6,2.6229096,3.8774634,5.2661046,2.643195,10.9622609,6.4061473,0.0243425,0.0811418,1.2901551,3.5742975,1.8540908,1.8236626,0.1034558,1.6816644,3.9800067,2.4667116,9.8891603,0.9250168,1293.0,1405.0,2596.0,1303.0,5404.0,3158.0,12.0,40.0,636.0,1762.0,914.0,899.0,51.0,829.0,1962.0,1216.0,4875.0,456.0,metro
67,Bas-Rhin,778712,190224,24.43,588488,75.57,8335,1.07,1.42,3434,0.44,0.58,576719,74.06,98.0,3687,7015,177069,14652,145883,40458,105055,8348,28573,24812,4158,17009,6.2,24090.0,481046.0,56.8,11.6,1.8781932,3.4953505,4.0079069,2.1297137,6.4193928,4.8566808,0.0034573,0.023337,0.4580959,1.802132,0.7459184,1.4330623,0.0665536,0.765798,2.4080286,0.6759075,8.5715792,0.4589602,2173.0,2033.0,4637.0,2464.0,7427.0,5619.0,4.0,27.0,530.0,2085.0,863.0,1658.0,77.0,886.0,2786.0,782.0,9917.0,531.0,metro
68,Haut-Rhin,531738,137861,25.93,393877,74.07,6382,1.2,1.62,2386,0.45,0.61,385109,72.42,97.77,2265,4649,107248,11063,106937,30284,66238,4881,18963,15994,2842,13745,6.9,24470.0,327418.0,57.1,12.3,1.923678,3.9671842,4.6314144,2.7077364,6.831206,4.0661631,0.0130242,0.0455848,0.5678562,2.302683,0.9676999,1.8820005,0.0455848,0.6486064,2.7572284,0.6603282,6.562907,0.3737953,1477.0,1545.0,3556.0,2079.0,5245.0,3122.0,10.0,35.0,436.0,1768.0,743.0,1445.0,35.0,498.0,2117.0,507.0,5039.0,287.0,metro
69,Rhone,1181226,255580,21.64,925646,78.36,12708,1.08,1.37,3925,0.33,0.42,909013,76.96,98.2,3774,15938,278243,17572,150463,74168,229036,15895,51907,50263,5267,16487,6.4,24480.0,790681.0,58.6,13.1,2.7468813,9.9394502,5.2825446,2.5356633,8.7574201,6.8601276,0.0115305,0.0440256,0.8291483,4.8449094,3.2070533,1.4172041,0.1865846,2.3291624,9.0304835,3.2243491,17.4540431,1.8883826,5241.0,9582.0,10079.0,4838.0,16709.0,13089.0,22.0,84.0,1582.0,9244.0,6119.0,2704.0,356.0,4444.0,17230.0,6152.0,33302.0,3603.0,metro
70,Haute-Saone,177715,39039,21.97,138676,78.03,2364,1.33,1.7,1573,0.89,1.13,134739,75.82,97.16,1171,2836,30204,4820,46618,9675,21089,2345,4292,6754,1295,3640,6.4,21860.0,105603.0,47.4,4.6,1.5304378,3.1363648,3.7961696,2.2657319,6.8142955,5.129959,0.004275,0.0726744,0.5087209,2.1503078,0.9362175,1.4876881,0.0213748,0.743844,1.0687415,0.9404925,4.2364911,0.0897743,358.0,406.0,888.0,530.0,1594.0,1200.0,1.0,17.0,119.0,503.0,219.0,348.0,5.0,174.0,250.0,220.0,991.0,21.0,metro
71,Saone-et-Loire,402992,95369,23.67,307623,76.33,5923,1.47,1.93,2400,0.6,0.78,299300,74.27,97.29,1979,7419,82633,10186,81970,20686,52336,6037,10730,15210,2369,7745,6.4,22170.0,248910.0,49.0,7.1,1.5460651,4.4642148,3.7440634,2.1979983,6.0003351,4.842152,0.0145683,0.0564523,0.469829,3.1758981,1.2965823,1.112657,0.041884,1.2929402,1.6553276,1.200067,4.5234696,0.213062,849.0,1402.0,2056.0,1207.0,3295.0,2659.0,8.0,31.0,258.0,1744.0,712.0,611.0,23.0,710.0,909.0,659.0,2484.0,117.0,metro
72,Sarthe,411308,105454,25.64,305854,74.36,6694,1.63,2.19,2098,0.51,0.69,297062,72.22,97.13,2150,6908,83876,7546,82234,16218,54244,5409,13541,15937,2505,6494,7.2,22230.0,248165.0,49.5,4.6,1.905926,5.5495814,4.4583478,2.5524218,7.3198865,5.5941314,0.022963,0.0618234,0.4345299,1.4554987,0.3992023,1.7858121,0.0653561,1.0792593,3.0364104,1.2400001,6.2777212,0.4380627,1079.0,1645.0,2524.0,1445.0,4144.0,3167.0,13.0,35.0,246.0,824.0,226.0,1011.0,37.0,611.0,1719.0,702.0,3554.0,248.0,metro
73,Savoie,320709,68929,21.49,251780,78.51,3931,1.23,1.56,1491,0.46,0.59,246358,76.82,97.85,1205,5536,64689,8081,56733,18045,49858,4418,15642,13608,1849,6694,5.3,24270.0,196556.0,57.8,8.3,1.9448088,3.2823753,3.9861842,2.0413755,7.5007636,4.9204111,0.008983,0.0336861,0.642281,2.4860315,1.0824455,1.3496883,0.0359318,0.9521927,2.0930274,1.0307936,9.2726505,0.3031746,866.0,1178.0,1775.0,909.0,3340.0,2191.0,4.0,15.0,286.0,1107.0,482.0,601.0,16.0,424.0,932.0,459.0,4129.0,135.0,metro
74,Haute-Savoie,565665,129384,22.87,436281,77.13,6918,1.22,1.59,2224,0.39,0.51,427139,75.51,97.9,1880,5997,130422,13371,87744,33353,78062,6606,29948,22349,3232,14175,5.5,28120.0,352959.0,58.0,13.1,1.6313886,5.0619081,3.8666028,2.2352142,6.7903901,5.8628763,0.0082393,0.0294262,0.9357532,3.8206979,1.7467393,1.3171168,0.0353114,0.9863663,2.3552731,1.4065724,9.0314896,0.2919079,1386.0,2737.0,3285.0,1899.0,5769.0,4981.0,7.0,25.0,795.0,3246.0,1484.0,1119.0,30.0,838.0,2001.0,1195.0,7673.0,248.0,metro
75,Paris,1368025,296668,21.69,1071357,78.31,11028,0.81,1.03,5267,0.39,0.49,1055062,77.12,98.48,2891,17267,372820,12139,58429,86088,317372,22901,80268,69564,5732,9591,5.7,29730.0,1007247.0,68.8,20.5,3.9996121,8.6436176,6.3627611,2.3631491,10.0278894,12.5764948,0.0165586,0.0681268,2.1034156,7.589517,4.2437332,2.4326952,0.2559487,1.2281752,8.0205137,3.0056228,57.737953,5.8669493,8454.0,12073.0,13449.0,4995.0,21196.0,26583.0,35.0,144.0,4446.0,16042.0,8970.0,5142.0,541.0,2596.0,16953.0,6353.0,122041.0,12401.0,metro
76,Seine-Maritime,879252,222147,25.27,657105,74.73,10982,1.25,1.67,3158,0.36,0.48,642965,73.13,97.85,4433,19896,179698,13588,177806,33361,136136,11139,24785,24281,5477,12365,7.9,22340.0,542966.0,50.8,5.9,2.1647272,3.967461,4.7674783,2.6027511,8.1534354,5.159478,0.0095223,0.0301538,0.4848418,4.8174702,3.1375848,1.6775049,0.1301376,1.3894565,4.281843,1.7346384,7.3599137,0.9760317,2728.0,2610.0,6008.0,3280.0,10275.0,6502.0,12.0,38.0,611.0,6071.0,3954.0,2114.0,164.0,1751.0,5396.0,2186.0,9275.0,1230.0,metro
77,Seine-et-Marne,899303,223172,24.82,676131,75.18,11057,1.23,1.64,4145,0.46,0.61,660929,73.49,97.75,3440,12843,165208,13797,155738,47893,170969,7853,26718,36828,4600,15042,6.7,24640.0,557596.0,62.4,14.6,1.6820447,7.1409012,4.3858471,2.7038025,7.1984351,5.3972772,0.0089507,0.0364913,0.6327462,5.5046857,3.347565,1.3357211,0.0957037,2.2397427,2.9372094,2.5447553,7.2590246,0.6258611,2443.0,4580.0,6370.0,3927.0,10455.0,7839.0,13.0,53.0,919.0,7995.0,4862.0,1940.0,139.0,3253.0,4266.0,3696.0,10543.0,909.0,metro
78,Yvelines,961245,211708,22.02,749537,77.98,9601,1.0,1.28,3430,0.36,0.46,736506,76.62,98.26,2774,11721,246062,13687,101398,64407,168585,9046,40470,61296,3963,13097,6.4,28130.0,587390.0,69.7,15.4,1.3428267,6.9120185,3.9992439,2.6564172,6.3884556,6.6998555,0.0067991,0.0203974,0.5432499,5.0497084,3.286016,1.3537053,0.0693511,1.4074184,1.8514011,2.0023416,7.3709289,0.5928835,1975.0,4571.0,5882.0,3907.0,9396.0,9854.0,10.0,30.0,799.0,7427.0,4833.0,1991.0,102.0,2070.0,2723.0,2945.0,10841.0,872.0,metro
79,Deux-Sevres,273214,59403,21.74,213811,78.26,3839,1.41,1.8,2168,0.79,1.01,207804,76.06,97.19,1644,4538,68446,7014,47903,8803,39120,4340,10074,9257,2134,4531,,22220.0,167224.0,48.1,4.8,1.4570542,3.9963465,3.6679408,2.2108866,6.8031379,3.9849234,0.0079912,0.0745841,0.4741419,1.9578333,0.9163193,1.6381871,0.0719204,1.1826912,1.8219837,1.2572753,4.7574018,0.2823542,547.0,789.0,1377.0,830.0,2554.0,1496.0,3.0,28.0,178.0,735.0,344.0,615.0,27.0,444.0,684.0,472.0,1786.0,106.0,metro
80,Somme,410056,102687,25.04,307369,74.96,4837,1.18,1.57,3614,0.88,1.18,298918,72.9,97.25,2486,7706,83107,7371,98024,16885,52343,3746,8048,11380,2206,5616,8.7,21560.0,238627.0,47.9,4.0,2.1324752,3.3729531,5.3364926,3.2040174,9.4087067,4.5514022,0.0176822,0.0247551,0.4173003,3.3490116,1.2660466,1.7134067,0.0424373,1.4640874,2.3234431,1.7187113,7.3487286,0.558758,1206.0,1036.0,3018.0,1812.0,5321.0,2574.0,10.0,14.0,236.0,1894.0,716.0,969.0,24.0,828.0,1314.0,972.0,4156.0,316.0,metro
81,Tarn,298178,62818,21.07,235360,78.93,3451,1.16,1.47,2067,0.69,0.88,229842,77.08,97.66,1175,5313,53925,17010,56543,15982,48430,5818,8680,10014,1829,5123,7.8,21730.0,175298.0,45.3,6.6,1.6079037,4.8065488,3.904909,2.2970053,6.7218958,4.9751621,0.0075725,0.0151451,0.6537631,3.22338,1.9739101,1.5624684,0.0403869,0.5931827,1.7139193,0.7395852,4.7555582,0.2599907,637.0,1048.0,1547.0,910.0,2663.0,1971.0,3.0,6.0,259.0,1277.0,782.0,619.0,16.0,235.0,679.0,293.0,1884.0,103.0,metro
82,Tarn-et-Garonne,188706,39625,21.0,149081,79.0,2169,1.15,1.45,1092,0.58,0.73,145820,77.27,97.81,679,3628,31737,9573,42183,11772,27881,3069,4835,5994,1057,3412,8.6,21520.0,113688.0,45.8,9.1,1.713699,5.0628778,4.0728662,2.3591672,6.0658906,5.2543371,0.0037747,0.022648,0.237804,1.2796123,0.6341441,1.3022603,0.0415213,0.8832722,1.736347,1.0267095,4.835349,0.1623107,454.0,688.0,1079.0,625.0,1607.0,1392.0,1.0,6.0,63.0,339.0,168.0,345.0,11.0,234.0,460.0,272.0,1281.0,43.0,metro
83,Var,820904,211212,25.73,609692,74.27,7803,0.95,1.28,3159,0.38,0.52,598730,72.94,98.2,2098,10672,142335,17784,183287,79329,89272,5703,21044,28342,3578,15286,7.4,23120.0,503726.0,53.0,7.8,2.4865477,5.8062425,5.3529346,2.8663869,9.523947,6.7550011,0.0090223,0.0433071,1.0095961,4.1358254,2.0958819,1.3271813,0.0721785,1.2793631,3.3689293,2.2889592,10.1906955,0.5377295,2756.0,4318.0,5933.0,3177.0,10556.0,7487.0,10.0,48.0,1119.0,4584.0,2323.0,1471.0,80.0,1418.0,3734.0,2537.0,11295.0,596.0,metro
84,Vaucluse,411607,101650,24.7,309957,75.3,4350,1.06,1.4,1742,0.42,0.56,303865,73.82,98.03,1221,6247,66885,9843,89413,30473,63049,3769,12128,11918,2023,6896,9.5,21370.0,248159.0,47.1,11.3,2.2841488,9.5094424,4.6456668,2.361518,8.5387426,5.5494793,0.0193423,0.0509933,1.2713161,4.2218948,2.3738267,1.2502154,0.1002282,1.4840813,3.3479749,2.0749004,8.3804875,0.5486177,1299.0,2990.0,2642.0,1343.0,4856.0,3156.0,11.0,29.0,723.0,2401.0,1350.0,711.0,57.0,844.0,1904.0,1180.0,4766.0,312.0,metro
85,Vendee,550963,120547,21.88,430416,78.12,7312,1.33,1.7,3395,0.62,0.79,419709,76.18,97.51,2647,8153,149587,13039,97280,25663,60524,7244,19753,22534,3621,9664,5.2,22790.0,318721.0,50.2,2.6,1.1354257,3.178033,2.8060022,1.6705765,6.6270919,4.694603,0.0042472,0.0155732,0.2817328,1.6309357,0.3185421,1.5431596,0.0283149,1.1991341,1.7569368,1.1028636,5.0542017,0.1231696,802.0,1402.0,1982.0,1180.0,4681.0,3316.0,3.0,11.0,199.0,1152.0,225.0,1090.0,20.0,847.0,1241.0,779.0,3570.0,87.0,metro
86,Vienne,306011,68304,22.32,237707,77.68,4053,1.32,1.71,2002,0.65,0.84,231652,75.7,97.45,1715,6412,67831,7741,54214,11939,49162,4542,10727,9959,2315,5095,5.9,22220.0,189604.0,48.8,5.7,1.6800095,5.2844772,3.8820301,2.2020206,7.5999343,5.3614414,0.0159567,0.0387519,0.4627435,2.243052,0.9938726,1.7962652,0.0547086,1.4771318,3.0454446,1.3540375,6.3849478,0.2940586,737.0,1296.0,1703.0,966.0,3334.0,2352.0,7.0,17.0,203.0,984.0,436.0,788.0,24.0,648.0,1336.0,594.0,2801.0,129.0,metro
87,Haute-Vienne,263742,55484,21.04,208258,78.96,3787,1.44,1.82,2353,0.89,1.13,202118,76.63,97.05,1457,8030,54951,9973,45357,10796,43137,5654,7877,9544,1787,3555,6.5,22140.0,169832.0,49.0,7.8,1.6808167,4.6179437,3.7053147,2.024498,7.3757243,5.5015868,0.00537,0.0187951,0.3195163,2.6608456,1.3183402,1.3586154,0.0563852,1.4472207,3.5012539,0.7974482,6.1298793,0.3329413,626.0,1029.0,1380.0,754.0,2747.0,2049.0,2.0,7.0,119.0,991.0,491.0,506.0,21.0,539.0,1304.0,297.0,2283.0,124.0,metro
88,Vosges,277913,68914,24.8,208999,75.2,3431,1.23,1.64,1874,0.67,0.9,203694,73.29,97.46,1569,3847,51432,7203,65646,13184,32655,3114,7562,9344,1986,6152,7.5,21550.0,166405.0,46.3,4.8,1.9124617,3.3740483,4.173404,2.2609423,7.3348202,4.4995818,0.0055757,0.0947867,0.5296905,2.8017842,1.0370783,1.583496,0.036242,1.006412,1.349317,1.2461667,4.7588514,0.2007248,686.0,727.0,1497.0,811.0,2631.0,1614.0,2.0,34.0,190.0,1005.0,372.0,568.0,13.0,361.0,484.0,447.0,1707.0,72.0,metro
89,Yonne,237957,57549,24.18,180408,75.82,2715,1.14,1.5,1182,0.5,0.66,176511,74.18,97.84,1203,4023,42617,5356,55164,12941,31601,2286,5917,9322,1487,4594,6.7,21940.0,151342.0,50.2,7.7,1.8748353,4.8338754,4.5942449,2.7194096,8.3948295,5.5526272,0.0149747,0.0299494,0.3174641,4.7080528,2.5277332,1.9197594,0.0598989,2.1114359,2.0814865,2.3031123,5.3100367,0.3384287,626.0,960.0,1534.0,908.0,2803.0,1854.0,5.0,10.0,106.0,1572.0,844.0,641.0,20.0,705.0,695.0,769.0,1773.0,113.0,metro
90,Territoire de Belfort,93724,22238,23.73,71486,76.27,1242,1.33,1.74,590,0.63,0.83,69654,74.32,97.44,560,1485,16768,2000,19061,5583,14601,1052,2798,3322,603,1821,8.3,22920.0,60507.0,53.3,9.9,2.4057338,3.0018919,5.418255,3.0125212,8.0167331,3.7977756,0.0142774,0.0071387,0.6139261,2.7412516,1.6775888,1.2849617,0.0428321,0.5211233,1.0922174,0.5425394,5.17554,0.1856056,337.0,221.0,759.0,422.0,1123.0,532.0,2.0,1.0,86.0,384.0,235.0,180.0,6.0,73.0,153.0,76.0,725.0,26.0,metro
91,Essonne,799500,192200,24.04,607300,75.96,8954,1.12,1.47,3405,0.43,0.56,594941,74.41,97.96,2831,13480,164503,11610,105862,39284,167310,7944,29562,33046,4306,15203,6.4,25040.0,520852.0,64.7,17.6,1.7840075,6.9353885,4.871103,3.0870955,7.5656112,5.7189407,0.0158545,0.0422786,0.9867532,3.7016457,2.1584754,1.3884003,0.1343857,2.5518178,3.256965,2.7835953,7.6433737,0.9165405,2363.0,4076.0,6452.0,4089.0,10021.0,7575.0,21.0,56.0,1307.0,4903.0,2859.0,1839.0,178.0,3380.0,4314.0,3687.0,10124.0,1214.0,metro
92,Hauts-de-Seine,997667,208790,20.93,788877,79.07,11841,1.19,1.5,2294,0.23,0.29,774742,77.66,98.21,2306,13170,287494,11260,64812,62761,199640,10518,47103,62231,3704,9743,5.9,29720.0,695869.0,70.4,19.3,1.4999074,6.4449033,3.9424924,2.442585,7.8054673,8.5611875,0.0078911,0.0358132,0.7466152,4.1300567,2.7612622,1.2127944,0.0874086,1.2322186,3.1218227,2.735161,13.4081163,1.2364676,2471.0,5313.0,6495.0,4024.0,12859.0,14104.0,13.0,59.0,1230.0,6804.0,4549.0,1998.0,144.0,2030.0,5143.0,4506.0,22089.0,2037.0,metro
93,Seine-Saint-Denis,793929,239927,30.22,554002,69.78,7607,0.96,1.37,3244,0.41,0.59,543151,68.41,98.04,2756,11642,110118,6805,64543,27969,266632,5890,19352,17481,3663,6300,10.2,19020.0,603965.0,49.2,31.1,3.2484503,8.9212566,7.2574291,4.0089789,9.974877,5.9403291,0.0112979,0.095735,2.5426274,6.4630067,3.79967,1.7464211,0.2877997,2.3083441,6.43387,3.4369472,15.2206811,3.1895821,5463.0,6292.0,12205.0,6742.0,16775.0,9990.0,19.0,161.0,4276.0,10869.0,6390.0,2937.0,484.0,3882.0,10820.0,5780.0,25597.0,5364.0,metro
94,Val-de-Marne,796086,195409,24.55,600677,75.45,8501,1.07,1.42,3118,0.39,0.52,589058,73.99,98.07,2504,14954,171409,8944,69599,43430,192427,8276,31904,32522,3730,9359,7.1,24270.0,570874.0,62.4,22.5,2.0577219,8.4087485,4.9199348,2.8622129,7.7039529,6.8431052,0.0112713,0.0669235,1.5244472,4.6712611,2.5466157,1.3976447,0.1690699,1.9097857,3.8942439,2.9199785,12.8324073,1.3722842,2921.0,5568.0,6984.0,4063.0,10936.0,9714.0,16.0,95.0,2164.0,6631.0,3615.0,1984.0,240.0,2711.0,5528.0,4145.0,18216.0,1948.0,metro
95,Val-d'Oise,733529,192853,26.29,540676,73.71,8027,1.09,1.48,3064,0.42,0.57,529585,72.2,97.95,2392,10060,138166,9101,91081,37564,175666,6094,20710,26403,3352,8996,8.0,23290.0,472649.0,60.6,20.7,2.0096865,7.2689408,5.03838,3.0286935,8.4778238,5.6167353,0.01259,0.1251136,0.9403192,4.7771365,2.8461378,1.4092985,0.1778344,2.4023386,4.2680264,3.6936054,9.8147296,1.2920537,2554.0,3852.0,6403.0,3849.0,10774.0,7138.0,16.0,159.0,1195.0,6071.0,3617.0,1791.0,226.0,3053.0,5424.0,4694.0,12473.0,1642.0,metro
